;(c) STEVE GREEN 2002
;
;www.trainsimcentral.co.uk
;
;
;Please seek permission before using
;any files in your own route.
;
CreateMeshBuilder,
Cylinder,7,0.10,0.10,14.6
Translate,-4.8,0,0,
SetColor,100,50,0,
GenerateNormals,

CreateMeshBuilder,
AddVertex,-4, 6.0, -0.3,
AddVertex,-4, 6.0, 25.3,
AddVertex,-4, 7.4, 25.3,
AddVertex,-4, 7.4, -0.3,
AddFace,3, 2, 1, 0,
GenerateNormals,

LoadTexture,../telegraph.bmp,
SetTextureCoordinates,0, 1, 1,
SetTextureCoordinates,1, 0, 1,
SetTextureCoordinates,2, 0, 0,
SetTextureCoordinates,3, 1, 0,
SetDecalTransparentColor,0, 0, 0,

CreateMeshBuilder,
AddVertex,-5.5, 6.0, -0.3,
AddVertex,-5.5, 6.0, 25.3,
AddVertex,-5.5, 7.4, 25.3,
AddVertex,-5.5, 7.4, -0.3,
AddFace,3, 2, 1, 0,
GenerateNormals,

LoadTexture,../telegraph.bmp,
SetTextureCoordinates,0, 1, 1,
SetTextureCoordinates,1, 0, 1,
SetTextureCoordinates,2, 0, 0,
SetTextureCoordinates,3, 1, 0,
SetDecalTransparentColor,0, 0, 0,

CreateMeshBuilder,
AddVertex,-5.5, 7.4, 0,
AddVertex,-4, 7.4, 0,
AddVertex,-4, 6.0, 0,
AddVertex,-5.5, 6.0, 0,
AddFace,0,1,2,3,
GenerateNormals,

LoadTexture,../telegraph_2.bmp,
SetTextureCoordinates,0, 0, 0,
SetTextureCoordinates,1, 1, 0,
SetTextureCoordinates,2, 1, 1,
SetTextureCoordinates,3, 0, 1,
SetDecalTransparentColor,0,0,0,


CreateMeshBuilder,
AddVertex, -1.9, -0.3, 0,
AddVertex, -1.9, -0.3, 26,
AddVertex, -3, -0.3, 26,
AddVertex, -3, -0.3, 0,
Addface, 3,2,1,0,
GenerateNormals,

LoadTexture,Emb.bmp
SetTextureCoordinates, 0, 0, 0,
SetTextureCoordinates, 1, 1, 0,
SetTextureCoordinates, 2, 1, 1,
SetTextureCoordinates, 3, 0, 1,

CreateMeshBuilder,
AddVertex, -3, -0.3, 0,
AddVertex, -3, -0.3, 26,
AddVertex, -30.9, -30.3, 26,
AddVertex, -30.9, -30.3, 0,
Addface, 3,2,1,0,
Setcolor, 90,40,0
GenerateNormals,

LoadTexture,../rock1.bmp
SetTextureCoordinates, 0, 0, 0,
SetTextureCoordinates, 1, 1, 0,
SetTextureCoordinates, 2, 1, 3,
SetTextureCoordinates, 3, 0, 3,
